[
  {
    "id": 1,
    "question": "Which companion of the Prophet (ﷺ) was known as the 'Sword of Allah'?",
    "options": [
      "Abu Bakr (RA)",
      "Umar ibn al-Khattab (RA)",
      "Khalid ibn al-Walid (RA)",
      "Ali ibn Abi Talib (RA)"
    ],
    "correctAnswer": 2,
    "explanation": "Khalid ibn al-Walid (RA) was a brilliant military commander given the title 'Saif-ullah' (The Sword of Allah) by the Prophet Muhammad (ﷺ)."
  },
  {
    "id": 2,
    "question": "What is the capital city of Japan?",
    "options": [
      "Beijing",
      "Seoul",
      "Bangkok",
      "Tokyo"
    ],
    "correctAnswer": 3,
    "explanation": "Tokyo is the capital and largest city of Japan."
  },
  {
    "id": 3,
    "question": "In which month was the Quran first revealed?",
    "options": [
      "Muharram",
      "Ramadan",
      "Shawwal",
      "Dhul Hijjah"
    ],
    "correctAnswer": 1,
    "explanation": "The revelation of the Quran to Prophet Muhammad (ﷺ) began in the month of Ramadan on the night known as Laylat al-Qadr."
  },
  {
    "id": 4,
    "question": "Which planet is known as the Red Planet?",
    "options": [
      "Earth",
      "Mars",
      "Jupiter",
      "Venus"
    ],
    "correctAnswer": 1,
    "explanation": "Mars is often called the 'Red Planet' because of its reddish appearance, caused by iron oxide (rust) on its surface."
  }
]