[
  {
    "id": 1,
    "text": "The best of you are those who are best to their families.",
    "author": "Prophet Muhammad (ﷺ)",
    "type": "Islamic"
  },
  {
    "id": 2,
    "text": "The only way to do great work is to love what you do.",
    "author": "Steve Jobs",
    "type": "Universal"
  },
  {
    "id": 3,
    "text": "Do not lose hope, nor be sad.",
    "author": "Quran 3:139",
    "type": "Islamic"
  },
  {
    "id": 4,
    "text": "The future belongs to those who believe in the beauty of their dreams.",
    "author": "Eleanor Roosevelt",
    "type": "Universal"
  },
  {
    "id": 5,
    "text": "Allah does not burden a soul beyond that it can bear.",
    "author": "Quran 2:286",
    "type": "Islamic"
  },
  {
    "id": 6,
    "text": "Strive not to be a success, but rather to be of value.",
    "author": "Albert Einstein",
    "type": "Universal"
  },
  {
    "id": 7,
    "text": "The seeking of knowledge is obligatory for every Muslim.",
    "author": "Hadith",
    "type": "Islamic"
  },
  {
    "id": 8,
    "text": "Believe you can and you're halfway there.",
    "author": "Theodore Roosevelt",
    "type": "Universal"
  }
]